<?xml version="1.0" encoding="UTF-8"?>
<metadata xml:lang="zh"><Esri><CreaDate>20231119</CreaDate><CreaTime>22032500</CreaTime><ArcGISFormat>1.0</ArcGISFormat><SyncOnce>TRUE</SyncOnce><DataProperties><lineage><Process ToolSource="f:\pro_2.7\Resources\ArcToolbox\toolboxes\Data Management Tools.tbx\XYToLine" Date="20231119" Time="220325">XYToLine BART_Data_S2019$ "D:\Cornell\CRP 5850 Mapping and Countermapping\Final project\Data\BART_Data_S2019_Time.shp" X1 Y1 X2 Y2 Geodesic startTime "GEOGCS['GCS_WGS_1984',DATUM['D_WGS_1984',SPHEROID['WGS_1984',6378137.0,298.257223563]],PRIMEM['Greenwich',0.0],UNIT['Degree',0.0174532925199433]];-400 -400 1000000000;-100000 10000;-100000 10000;8.98315284119521E-09;0.001;0.001;IsHighPrecision" NO_ATTRIBUTES</Process></lineage></DataProperties></Esri></metadata>
